,end_station_name,end_station_id
640,10th & E St NW,31256.0
347,10th & Florida Ave NW,31120.0
1939,10th & G St NW,31274.0
2555549,10th & H St NE,31672.0
23,10th & K St NW,31263.0
488,10th & Monroe St NE,31504.0
6403713,10th & Quincy St NE / Turkey Thicket Rec,31541.0
4904915,10th & Rhode Island Ave NE,31535.0
145,10th & U St NW,31111.0
157,10th St & Constitution Ave NW,31219.0
4905931,10th St & Florida Ave NW,31120.0
1554,10th St & L'Enfant Plaza SW,31287.0
4926108,10th St & Rhode Island Ave NE,31535.0
7255794,10th St & Spring Rd NW,31426.0
1553,11th & C St SE,31659.0
4965203,11th & Clifton St NW,31136.0
1325,11th & F St NW,31262.0
36,11th & Girard St NW,31126.0
749,11th & H St NE,31614.0
195,11th & Kenyon St NW,31102.0
15,11th & M St NW,31266.0
39,11th & O St NW,31286.0
1500,11th & Park Rd NW,31651.0
496,11th & S St NW,31280.0
5441345,11th & V St NW,31332.0
2062374,11th & V st NW,31332.0
357,12th & Irving St NE,31511.0
30,12th & L St NW,31251.0
4759,12th & Newton St NE,31501.0
457,12th & U St NW,31268.0
6596313,12th & Varnum St NE,31542.0
6468964,12th St & New York Ave NW,31670.0
1898,12th St & Pennsylvania Ave SE,31644.0
245431,1301 McCormick Dr / Wayne K. Curry Admin Bldg,32400.0
605,13th & D St NE,31622.0
2001,13th & E St SE,31607.0
1603,13th & H St NE,31611.0
7165010,13th & O St NW/ Logan Circle,31311.0
392,13th & U St NW,31132.0
13395,13th St & Eastern Ave,32006.0
1038,13th St & New York Ave NW,31227.0
2,14th & Belmont St NW,31119.0
1343,14th & D St NW / Ronald Reagan Building,31231.0
668,14th & D St SE,31663.0
463,14th & G St NW,31238.0
65,14th & Girard St NW,31123.0
961,14th & Harvard St NW,31105.0
90,14th & Irving St NW,31124.0
443,14th & L St NW,31283.0
573,14th & Luzon St NW,31416.0
4,14th & Newton St NW,31649.0
97,14th & Otis Pl NW,31131.0
61,14th & Q St NW,31327.0
9,14th & R St NW,31202.0
100,14th & Rhode Island Ave NW,31203.0
922,14th & Upshur St NW,31406.0
214,14th & V St NW,31101.0
2763,14th St & Colorado Ave NW,31407.0
5091223,14th St & Luzon Ave NW,31416.0
11,14th St & New York Ave NW,31216.0
7295403,14th St & Rhode Island Ave NW,31203.0
420,14th St & Spring Rd NW,31401.0
564,14th St Heights / 14th & Crittenden St NW,31402.0
507,15th & East Capitol St NE,31630.0
190,15th & Euclid St  NW,31117.0
1486509,15th & Euclid St NW,31117.0
419,15th & F St NE,31632.0
241945,15th & Harvard St NW,31103.0
1148,15th & K St NW,31254.0
926,15th & L St NW,31276.0
193,15th & M St NW,31298.0
221,15th & P St NW,31201.0
27,15th & W St NW,31125.0
238,15th St & Constitution Ave NW,31321.0
754,15th St & Massachusetts Ave SE,31626.0
3583,15th St & N Scott St,31031.0
1243,15th St & Pennsylvania Ave NW,31129.0
6311138,16th & Bangor St SE,31829.0
383,16th & Harvard St NW,31103.0
2912618,16th & Harvard St NW,31135.0
124,16th & Irving St NW,31122.0
40923,16th & Q St SE / Anacostia HS,31812.0
418,16th & R St NW,31282.0
184,17th & Corcoran St NW,31214.0
804,17th & G St NW,31277.0
1566,17th & K St NW,31213.0
777,17th & K St NW / Farragut Square,31233.0
2039890,17th & P St NW,31330.0
991,17th & Upshur St NW,31420.0
557,17th St & Independence Ave SW,31290.0
87,17th St & Massachusetts Ave NW,31267.0
6642191,17th St & New York Ave NW,33200.0
6486469,17th St & Rhode Island Ave NW,31210.0
1888,18th & C St NW,31284.0
519,18th & L St NW,31224.0
312,18th & M St NW,31221.0
9998,18th & Monroe St NE,31521.0
284,18th & New Hampshire Ave NW,31324.0
141,18th & R St NW,31278.0
1058,18th St & Pennsylvania Ave NW,31242.0
784,18th St & Rhode Island Ave NE,31510.0
91,18th St & S Eads St,31001.0
111,18th St & Wyoming Ave NW,31114.0
705,19th & E Street NW,31206.0
514,19th & East Capitol St SE,31601.0
3492,19th & G St NW,31279.0
6617861,19th & I St NW,31253.0
1389,19th & K St NW,31253.0
106700,19th & Savannah St SE,31815.0
1385,19th St & Constitution Ave NW,31235.0
1081,19th St & Pennsylvania Ave NW,31100.0
5947915,19th St N & Ft Myer Dr,31014.0
1187,1st & D St SE,31643.0
535,1st & H St NW,31638.0
3821870,1st & I St SE,31628.0
301,1st & K St NE,31662.0
767,1st & K St SE,31628.0
6300316,1st & L St NW,31677.0
125,1st & M St NE,31603.0
8,1st & M St SE,31650.0
344,1st & N St  SE,31209.0
1473586,1st & N St SE,31209.0
73,1st & O St NW,31519.0
5077291,1st & Q St SW,31676.0
314,1st & Rhode Island Ave NW,31506.0
244,1st & S Capitol St SE / Oxon Run Trail,31817.0
60,1st & Washington Hospital Center NW,31507.0
788,1st St & Potomac Ave SE,31668.0
39608,20th & Columbia Rd NW,31133.0
877,20th & E St NW,31204.0
153,20th & L St NW,31250.0
167,20th & O St NW / Dupont South,31234.0
508,20th St & Florida Ave NW,31110.0
112,20th St & Virginia Ave NW,31259.0
995,21st & I St NW,31205.0
2542,21st St & Constitution Ave NW,31261.0
302,21st St & G st NW,31328.0
2668,21st St & N Pierce St,31093.0
2218,21st St & Pennsylvania Ave NW,31252.0
4761,22nd & H St NW,31127.0
706,22nd & I St NW / Foggy Bottom,31257.0
255,22nd & P ST NW,31285.0
1082,22nd St & Constitution Ave NW,31292.0
98,23rd & E St NW ,31260.0
283,23rd & M St NW,31128.0
2205,23rd St S & Hayes St,31938.0
4491,24th & N St NW,31255.0
1588,24th & R St NE / National Arboretum,31520.0
7846047,24th St & Rhode Island Ave NE,31543.0
146,25th St & Pennsylvania Ave NW,31237.0
1906,28th St & S Meade St,31055.0
258,2nd & G St NE,31639.0
3776,2nd & V St SW / James Creek Marina,31667.0
637,2nd St & Massachusetts Ave NE,31641.0
480,2nd St & Seaton Pl NE,31522.0
185,3000 Connecticut Ave NW / National Zoo,31307.0
1225,31st & Water St NW,31293.0
9780,31st St & S Woodrow St,31072.0
241,34th & Water St NW,31314.0
641,34th St & Wisconsin Ave NW,31226.0
362,36th & Calvert St NW / Glover Park,31304.0
2196,37th & Ely Pl SE,31715.0
712,37th & O St NW / Georgetown University,31236.0
402,39th & Calvert St NW / Stoddert,31306.0
1071,39th & Veazey St NW,31308.0
885,3rd & D St SE,31605.0
453,3rd & Elm St NW,31118.0
499,3rd & G St SE,31625.0
467,3rd & H St NE,31616.0
328,3rd & H St NW,31604.0
34,3rd & M St NE,31627.0
4293926,3rd & M St SE,31669.0
13605,3rd & M st SE,31669.0
6243710,3rd & N St NE,31540.0
259,3rd & Tingey St SE,31634.0
1746,3rd & Underwood St NW,31413.0
1034,3rd St & Pennsylvania Ave SE,31269.0
7423,3rd St & Riggs Rd NE,31412.0
6381906,41st St & Alabama Ave SE / Fort Davis Rec,31724.0
18854,47th & Elm St,32021.0
1745,48th Pl & MacArthur Blvd NW,31322.0
156,4th & C St SW,31243.0
5244501,4th & College St NW,31138.0
3015,4th & D St NW / Judiciary Square,31621.0
183,4th & E St SW,31244.0
541,4th & East Capitol St NE,31618.0
2121519,4th & Florida Ave NE,31532.0
3955801,4th & G St SW,31666.0
228,4th & M St SE,31652.0
247,4th & M St SW,31108.0
6495674,4th & O St SW,31678.0
2120,4th & W St NE,31500.0
313,4th St & G St SW,31666.0
50,4th St & K St NW,31642.0
242,4th St & Madison Dr NW,31288.0
6852,4th St & Mississippi Ave SE,31816.0
60475,53rd & D St SE/C.W. Harris Elementary,31671.0
978,5th & F St NW,31620.0
256,5th & K St NW,31600.0
787,5th & Kennedy St NW,31403.0
5322356,5th & Morse St NE,31536.0
929,5th St & Massachusetts Ave NW,31265.0
14747,6035 Warehouse,32901.0
1175,61st St & Banks Pl NE,31714.0
234,6th & H St NE,31615.0
84,6th & K St NE,31645.0
186,6th St & Indiana Ave NW,31264.0
4340,7th & E St SW,31294.0
182,7th & F St NW / National Portrait Gallery,31232.0
35,7th & K St NW,31653.0
4880675,7th & Monroe St NE,31534.0
584,7th & R St NW / Shaw Library,31245.0
414,7th & S St NW,31130.0
96,7th & T St NW,31109.0
6351825,7th St & Florida Ave NW,31109.0
25,7th St & Massachusetts Ave NE,31647.0
2003,8th & D St NW,31270.0
704,8th & East Capitol St NE,31629.0
461,8th & Eye St SE / Barracks Row,31608.0
394,8th & F St NE,31631.0
609,8th & H St NE,31661.0
150,8th & H St NW,31228.0
102,8th & K St NE,31660.0
181,8th & O St NW,31281.0
2041256,8th & V St NW,31134.0
1664708,8th Rd & S Frederick St,31951.0
6441689,9th & G St NW,30201.0
5143217,9th & Ingraham St NW,31424.0
934,9th & Upshur St NW,31404.0
6433361,9th St & Pennsylvania Ave NW,30200.0
154,Adams Mill & Columbia Rd NW,31104.0
8360,Alabama & MLK Ave SE,31800.0
941,Alabama Ave & Stanton Rd SE / Shops at Park Village,31813.0
758,American University East Campus,31320.0
2404,Amherst Ave & Elkins St,32063.0
16166,Amherst Ave & Prichard Rd,32064.0
2200,Anacostia Ave & Benning Rd NE / River Terrace ,31708.0
5228434,Anacostia Ave & East Capitol St NE,31721.0
975,Anacostia Library,31804.0
1346,Anacostia Metro,31801.0
243,Anacostia Park,31820.0
5087856,Anacostia Roller Skating Pavilion,31720.0
155768,Anacostia Roller Skating Pavillion,31720.0
2065644,Arizona & McArthur NW,31331.0
2094826,Arizona Ave & MacArthur Blvd NW,31331.0
8143120,Arlington Blvd & Allen St,32268.0
1594,Arlington Blvd & Fairfax Dr,31940.0
1655,Arlington Blvd & Fillmore St,31070.0
66877,Arlington Blvd & Ft Myer Dr,31937.0
1934,Arlington Blvd & N Queen St,31051.0
19707,Arlington Blvd & S George Mason Dr,31078.0
8280,Arlington Mill Cmty Center / Columbia Pike & S Dinwiddie St,31068.0
7270621,Arlington National Cemetery,31978.0
6118106,Army Navy Dr & Fern St,31936.0
1860,Army Navy Dr & S Joyce St,31006.0
2081,Army Navy Dr & S Nash St,31095.0
1896,Aurora Hills Cmty Ctr / 18th St & S Hayes St,31004.0
4292,Ballenger Ave & Dulaney St,31084.0
294,Ballston Metro / Stuart St & 9th St N,31037.0
8129,Baltimore Ave & Jefferson St,32403.0
5009,Baltimore Ave & Van Buren St / Riverdale Park Station,32402.0
3205,Barcroft Community Center,31033.0
1213155,Baron Cameron Ave & North Hampton Ave,32237.0
2456,Barton St & 10th St N,31050.0
397,Battery Ln & Trolley Trail,32027.0
1891954,Becontree Ln & Goldenrain Ct,32239.0
3937,Benning Branch Library,31705.0
655,Benning Rd & East Capitol St NE / Benning Rd Metro,31707.0
1440,Bethesda Ave & Arlington Rd,32002.0
21453,Bethesda Metro / Wisconsin Ave & Old Georgetown Rd,32048.0
824,Bladensburg Rd & Benning Rd NE,31617.0
33286,Blueridge Ave & Elkin St,32073.0
1114,Braddock Rd Metro,31047.0
2844125,Braddock Rd Metro North,31047.0
2866428,Braddock Rd Metro South,31969.0
16473,Branch & Pennsylvania Ave SE,31701.0
12110,Briggs Chaney & Castle Dr,32086.0
2290,Briggs Chaney Park & Ride,32088.0
4188,Broad Branch Rd & Northampton St NW,31422.0
187,C & O Canal & Wisconsin Ave NW,31225.0
599,California St & Florida Ave NW,31116.0
143,Calvert & Biltmore St NW,31106.0
66,Calvert St & Woodley Pl NW,31121.0
18564,Campus Commons,32228.0
209,Capitol Ave & Kendall St NE,31530.0
4860,Capitol Heights Metro,32419.0
136,Carlin Springs Rd & N Thomas St,31919.0
644,Carroll & Ethan Allen Ave,32026.0
3407,Carroll & Westmoreland Ave,32025.0
25778,Castle Blvd & Castle Ln,32092.0
1473,Central Library / Quincy St & 10th St N,31025.0
537,Chillum Rd & Riggs Rd / Riggs Plaza,32416.0
3247,Citadel Ave & McGrath Blvd,32076.0
546,Clarendon Blvd & N Fillmore St,31021.0
155,Clarendon Blvd & Pierce St,31016.0
115,Clarendon Metro / Wilson Blvd & N Highland St,31022.0
14622,Clark St & 26th St S,31012.0
245,Columbia & Ontario Rd NW,31296.0
1461945,Columbia Pike & George Mason Dr,31923.0
3617203,Columbia Pike & Monroe St,31058.0
1107,Columbia Pike & S Courthouse Rd,31053.0
6118673,Columbia Pike & S George Mason Dr,31923.0
294736,Columbia Pike & S Greenbrier St,31945.0
549,Columbia Pike & S Oakland St,31058.0
1804,Columbia Pike & S Orme St,31066.0
1422085,Columbia Pike & S Scott St/12th St S,31949.0
1126,Columbia Pike & S Taylor St,31923.0
1460,Columbia Pike & S Walter Reed Dr,31067.0
59,Columbia Rd & Belmont St NW,31113.0
568,Columbia Rd & Georgia Ave NW,31115.0
3219,Columbus Ave & Gramercy Blvd,32069.0
394957,Columbus Ave & Tribeca St,32068.0
16,Columbus Circle / Union Station,31623.0
785,Commerce St & Fayette St,31045.0
4910,Commonwealth Ave & E Monroe Ave,31913.0
2305,Commonwealth Ave & Oak St,31906.0
2625040,Commonwealth and Reed,31960.0
152,Congress Heights Metro,31806.0
17779,Congressional Ln & E Jefferson St,32081.0
52,Connecticut & Nebraska Ave NW,31310.0
1093,Connecticut Ave & Chevy Chase Lake Dr,32051.0
3015780,Connecticut Ave & Macomb St NW / Cleveland Park,31305.0
317,Connecticut Ave & McKinley St NW,31315.0
14,Connecticut Ave & Newark St NW / Cleveland Park,31305.0
212,Connecticut Ave & R St NW,31299.0
1665,Connecticut Ave & Tilden St NW,31313.0
4245,Connecticut Ave & Yuma St NW,31318.0
743,Constitution Ave & 2nd St NW/DOL,31271.0
322,Convention Center / 7th & M St NW,31223.0
10214,Cordell & Norfolk Ave,32008.0
193246,Corporate Blvd & Omega Dr,32071.0
3190,Court House Metro / 15th St & N Uhle St,31089.0
942113,Crescent Rd & Ridge Rd,32425.0
597,Crystal City Metro / 18th St & S Bell St,31007.0
346,Crystal Dr & 15th St S,31003.0
459,Crystal Dr & 20th St S,31002.0
666,Crystal Dr & 23rd St S,31011.0
12906,Crystal Dr & 27th St S,31009.0
3061,Crystal Dr & Potomac Ave,31925.0
376,D St & Maryland Ave NE,31612.0
15012,Deanwood Rec Center,31711.0
54969,Dennis Ave & Amherst Ave,32022.0
7014214,District Ave & Strawberry Ln/Mosaic Market Garage,32262.0
2564,Division Ave & Foote St NE,31713.0
4728,Duke St & John Carlyle St,31081.0
2928250,Duke St & Jordan St,31966.0
1852,Duke St & Strand (Robinson Terminal),31933.0
4165,Dunn Loring Metro,32231.0
9694,E Fairfax St & S Washington St,32604.0
14827,E Montgomery Ave & Maryland Ave,32007.0
217,Eads St & 12th St S,31071.0
709,Eads St & 15th St S,31000.0
250,Eads St & 22nd St S,31013.0
8037,East Falls Church Metro / Sycamore St & 19th St N,31904.0
800,East West Hwy & 16th St,32056.0
3086,East West Hwy & Blair Mill Rd,32019.0
711,Eastern Market / 7th & North Carolina Ave SE,31610.0
850,Eastern Market Metro / Pennsylvania Ave & 8th St SE,31613.0
201,Eckington Pl & Q St NE,31505.0
4131664,Eden Center,32601.0
1067,Edgewood Rec Center,31529.0
10313,Eisenhower Ave & Ike Dr,31930.0
3477,Eisenhower Ave & Mill Race Ln,31082.0
8061418,Emma Lee St & Morris St,32266.0
8773,Executive Blvd & E Jefferson St,32079.0
329,Fairfax Dr & N Randolph St,31034.0
4633374,Fairfax Dr & N Taylor St,31974.0
4698788,Fairfax Dr & N Taylor St,31049.0
74,Fairfax Dr & Wilson Blvd,31023.0
49387,Fairfax Village,31706.0
1255230,Fairway Dr & Hook Rd,32243.0
3694,Falls Church City Hall / Park Ave & Little Falls St,32608.0
40143,Fallsgrove Blvd & Fallsgrove Dr,32004.0
44646,Fallsgrove Dr & W Montgomery Ave,32016.0
722,Fenton St & Ellsworth Dr ,32036.0
1156,Fenton St & Gist Ave,32024.0
3355,Fenton St & New York Ave ,32001.0
4758,Fern St & Army Navy Dr,31936.0
233,Fessenden St & Wisconsin Ave NW,31309.0
2673187,Fillmore & Bisdorf,31961.0
3243600,First St & Fayette St,31970.0
3137146,First and Fayette,31970.0
51301,Fishers Ln & Rock Creek Mill Rd,32080.0
2251,Fleet St & Ritchie Pkwy,32032.0
1627,Fleet St & Waterfront St,32406.0
83,Florida Ave & R St NW,31503.0
6148716,Fort Lincoln Dr & 33rd Pl NE,31537.0
29040,Fort Stanton Rec Center,31825.0
1019,Fort Totten Metro,31515.0
6077780,Founders Row/W Broad St & West St,32600.0
6983,Four Mile Run Dr & S Shirlington Rd,31057.0
13379,Four Mile Run Dr & S Walter Reed Dr,31059.0
5567,Franklin St & S Washington St,31907.0
7652,Frederick Ave & Horners Ln,32009.0
3743,Friendship Blvd & Willard Ave,32040.0
1241,Friendship Hts Metro / Wisconsin Ave & Wisconsin Cir,32014.0
4308,Ft Myer Dr & Arlington Blvd,31937.0
745,GMU / Fairfax Dr & Kenmore St,31040.0
4267656,GMU/Fairfax Dr & Kenmore St,31040.0
170,Gallaudet / 8th St & Florida Ave NE,31508.0
7245,Garland Ave & Walden Rd,32082.0
7595801,Gatehouse Rd & Telestar Ct,32263.0
309,George Mason Dr & Wilson Blvd,31036.0
1622,George Mason High School / Haycock Rd & Leesburg Pike,32600.0
264,Georgetown Harbor / 30th St NW,31215.0
1127,Georgia & Missouri Ave NW,31411.0
57,Georgia & New Hampshire Ave NW,31400.0
6621246,Georgia Ave & Dahlia St NW,31425.0
144,Georgia Ave & Emerson St NW,31405.0
2979611,Georgia Ave & Fairmont St NW,31207.0
5,Georgia Ave & Kennedy St NW,31415.0
336,Georgia Ave & Morton St NW,31419.0
88,Georgia Ave & Piney Branch Rd NW,31414.0
11821,Georgia Ave & Spring St,32035.0
3709,Georgia Ave and Fairmont St NW,31207.0
12693,Glebe Rd & 11th St N,31038.0
1296980,Golf Course Sq and Golf Course Dr,32246.0
5218,Good Hope & Naylor Rd SE,31700.0
204,Good Hope Rd & 14th St SE,31803.0
6,Good Hope Rd & MLK Ave SE,31802.0
1844,Grandview & Blueridge Ave,32065.0
226,Grant Circle,31421.0
353,Gravelly Point,31064.0
1338166,Green Range Dr and Glade Dr,32249.0
1031455,Greenbelt Station Parkway,32426.0
147867,Greensboro & International Dr,32221.0
498,Greensboro & Pinnacle Dr,32227.0
6361203,Greensboro Metro East,32211.0
296,Hains Point/Buckeye & Ohio Dr SW,31273.0
9283,Half & Water St SW,31664.0
1163,Hamlin & 7th St NE,31514.0
5960,Hardy Rec Center,31326.0
1917625,Hartland Rd & Harte Pl,32255.0
2203,Harvard St & Adams Mill Rd NW,31112.0
286,Henry Bacon Dr & Lincoln Memorial Circle NW,31289.0
2077,Henry St & Pendleton St,31046.0
2838129,Holmes Run Pkwy & N Pickett St,31963.0
19303,Hyattsville Library / Adelphi Rd & Toledo Rd,32417.0
3512,Independence Ave & L'Enfant Plaza SW/DOE,31633.0
1271026,Inlet Ct & Wiehle Dr,32242.0
2035,Iwo Jima Memorial / Meade & 14th St N,31077.0
77,Jefferson Dr & 14th St SW,31247.0
229,Jefferson Memorial,31249.0
180,John McCormack Dr & Michigan Ave NE,31502.0
5043,John McCormack Rd NE,31528.0
345641,Joliet St & MLK Ave SW/Bald Eagle Rec Ctr,31819.0
161990,Jones Branch & Westbranch Dr,32206.0
8138032,Jones Branch Dr & Blyton St,32269.0
1408,Jones Branch Drive & Scotts Crossing Rd,32233.0
76,Joyce St & 16th St S,31091.0
3444,Kansas Ave & Longfellow St NW,31423.0
1235,Kansas Ave & Sherman Cr NW,31417.0
5090732,Kenilworth Terr & Hayes St. NE,31717.0
910,Kenilworth Terrace & Hayes St. NE,31717.0
551416,Kenmore Ave & Seminary Rd,31946.0
1202,Kenmore St & 24th St S,31061.0
1458,Kennebec St & 11th St N,31905.0
794,Kennedy Center,31211.0
7337216,Kenwood Ave & Osage St,31908.0
7865,Key Blvd & N Quinn St,31027.0
26666,Key West Ave & Diamondback Dr,32072.0
18292,Key West Ave & Great Seneca Hwy,32070.0
881,Key West Ave & Siesta Key Way,32052.0
2235,King Farm Blvd & Piccard Dr,32038.0
2636,King Farm Blvd & Pleasant Dr,32037.0
2049,King Greenleaf Rec Center,31654.0
2625163,King St & Kenwood Ave,31957.0
2847487,King St & N Pitt St,31968.0
786,King St & Patrick St,31044.0
2488471,King St & Peyton St,31955.0
2825770,King St & W Braddock Rd,31962.0
960,King St Metro North / Cameron St,31098.0
911,King St Metro South,31048.0
321,Kingman Island/The Fields at RFK,31716.0
2984,L'Enfant Plaza / 7th & C St SW,31218.0
1365763,Lake Newport Rd and Autumn Ridge Cir,32251.0
364,Lamont & Mt Pleasant NW,31107.0
1311766,Langston Blvd & N Adams St,31030.0
1318965,Langston Blvd & N Cleveland St,31079.0
5334181,Langston Blvd & N Kirkwood Rd,31094.0
1322361,Langston Blvd & N Kirkwood St,31094.0
1311759,Langston Blvd & N Monroe St,31092.0
1312178,Langston Blvd & N Scott St,31080.0
1313130,Langston Blvd & N Woodstock St,31900.0
6676,Largo Rd & Campus Way / Prince Georges's Comm Col,32405.0
7342,Largo Town Center Metro,32401.0
33619,Lee Center,31914.0
106,Lee Hwy & N Adams St,31030.0
1337,Lee Hwy & N Cleveland St,31079.0
1851,Lee Hwy & N Kirkwood Rd,31094.0
1314,Lee Hwy & N Monroe St,31092.0
4537,Lee Hwy & N Scott St,31080.0
687,Lee Hwy & N Woodstock St,31900.0
33216,Library St & Freedom Dr,32216.0
315,Lincoln Memorial,31258.0
10,Lincoln Park / 13th & East Capitol St NE ,31619.0
708,Lincoln Rd & Seaton Pl NE/Harry Thomas Rec Center,31523.0
1297937,Links Dr & Wedge Dr,32245.0
6690,Livingston Rd & 3rd St SE,31818.0
1839638,Long Bridge Aquatic Center,31950.0
1509040,Long Bridge Aquatic ctr,31950.0
441,Long Bridge Park / Long Bridge Dr & 6th St S,31090.0
6415252,Loughboro Rd & Dalecarlia Pkwy NW / Sibley Hospital,31334.0
95,Lynn St & 19th St North,31014.0
770,Lyttonsville Rd & Lyttonsville Pl,32054.0
7444575,M St & Delaware Ave NE,31627.0
586,M St & New Jersey Ave SE,31208.0
75,M St & Pennsylvania Ave NW,31246.0
1673838,MBT & Bryant St NE,31531.0
604,Madison St & Fairfax St,31918.0
4702,Madison St & N Henry St,31099.0
2624998,Main Line Blvd & E Glebe,31959.0
436,Maine Ave & 7th St SW,31609.0
683,Maine Ave & 9th St SW,31646.0
4724444,Maine Ave & Water St SW,31674.0
5149892,Mandeville Ln & Stovall St,31974.0
2038,Maple & Ritchie Ave,32011.0
1291,Market Square / King St & Royal St,31042.0
958,Maryland Ave & 17th St NE,31656.0
401,Maryland Ave & E St NE,31640.0
5658648,Marymount University / Yorktown Blvd & 26th St N,31977.0
69,Massachusetts Ave & 6th St NE,31657.0
206,Massachusetts Ave & Dupont Circle NW,31200.0
75662,McLean Metro,32230.0
4731,Medical Center Dr & Key West Ave,32041.0
10619,Medical Center Metro ,32053.0
1365541,Meridian High School / Haycock Rd & Leesburg Pike,32600.0
15029,Merrifield Cinema & Merrifield Town Center,32235.0
171850,Merrilee Dr & Lauren Elizabeth Lane,32234.0
464,Metro Center / 12th & G St NW,31230.0
292,Minnesota Ave & R St SE,31826.0
8261,Minnesota Ave Metro/DOES,31703.0
75236,Mississippi Ave & 19th St SE / THEARC,31814.0
2092,Monroe Ave & Leslie Ave,31087.0
3658,Monroe St & Monroe Pl,32017.0
494,Montello Ave & Holbrook Terr NE,31524.0
1242,Montgomery & East Ln,32013.0
1696,Montgomery Ave & Waverly St ,32003.0
2594,Montgomery College / W Campus Dr & Mannakee St,32023.0
6999751,Motivate BX Tech office,32900.0
3022324,Motivate Tech Office,32902.0
2746,Mount Vernon Ave & Bruce St,31912.0
1856,Mount Vernon Ave & E Del Ray Ave,31086.0
4048,Mount Vernon Ave & E Nelson Ave,31085.0
4434,Mount Vernon Ave & Four Mile Run Park,31909.0
610,Mount Vernon Ave & Kennedy St,31088.0
1105,Mt Vernon Trail & S. Washington St.,31929.0
125612,N Hampton Dr & Ford Ave,31941.0
2243452,N Howard St & N Imboden St,31952.0
207167,N Howard St & Taney Ave,31943.0
72,N Lynn St & Fairfax Dr,31917.0
607419,N Moore St & Rosslyn Metro,31947.0
1400,N Oak St & W Broad St,32602.0
6121219,N Pershing Dr & N George Mason Dr,31069.0
6121357,N Pershing Dr & N Quebec St,31973.0
6118870,N Pershing Dr & N Wayne St,31065.0
3869997,N Pershing Dr & Quebec St,31973.0
97611,N Pitt St & Montgomery St,31931.0
1583,N Quincy St & Glebe Rd,31035.0
1692,N Roosevelt St & Roosevelt Blvd,32606.0
6392608,N Shore Dr & Wainwright Dr,32259.0
2013,N Veitch St & 20th St N,31029.0
16926,N Veitch St & Key Blvd,31028.0
1469,N. Beauregard St. & Berkley St.,31928.0
17450,Nannie Helen Burroughs & Minnesota Ave NE,31704.0
6432,Nannie Helen Burroughs Ave & 49th St NE,31710.0
395,National Airport,31935.0
439,National Harbor Carousel,32423.0
46,Neal St & Trinidad Ave NE,31512.0
23452,Needwood Rd & Eagles Head Ct,32018.0
5309,New Dominion Pkwy & Fountain Dr,32212.0
4837,New Hampshire & Gallatin St NW,31418.0
1738,New Hampshire & Kirklynn Ave,32061.0
21331,New Hampshire & Lockwood,32089.0
162,New Hampshire Ave & 24th St NW,31275.0
36811,New Hampshire Ave & East-West Hwy,32412.0
29,New Hampshire Ave & T St NW,31229.0
224,New Hampshire Ave & Ward Pl NW,31212.0
192,New Jersey Ave & F St NW,31655.0
5251500,New Jersey Ave & H St SE,31828.0
3197981,New Jersey Ave & K St NW,31642.0
43,New Jersey Ave & N St NW/Dunbar HS,31636.0
730,New Jersey Ave & R St NW,31509.0
509,New York Ave & 15th St NW,31222.0
211,New York Ave & Hecht Ave NE,31518.0
5995,Norfolk & Rugby Ave,32028.0
345,Norfolk Ave & Fairmont St,32000.0
5224593,North Bethesda Metro,32075.0
4825784,North Capitol & K St NE,31675.0
80,North Capitol & R St NE,31527.0
163,North Capitol St & F St NW,31624.0
587,North Capitol St & G Pl NE,31637.0
173968,North Shore & Cameron Crescent Dr/Crescent Apartments,32209.0
1758,North Shore Dr & Village Rd,32223.0
1882664,North Village and Park Garden,32256.0
80670,Northwestern High School,32411.0
4329,Oak Leaf & Lockwood,32094.0
5292,Offutt Ln & Chevy Chase Dr,32029.0
999,Oglethorpe St & 42nd Ave,32408.0
275,Ohio Dr & West Basin Dr SW / MLK & FDR Memorials,31240.0
49,Oklahoma Ave & Benning Rd NE,31719.0
298,Oklahoma Ave & D St NE,31712.0
2208,Old Georgetown Rd & Southwick St,32039.0
1352035,Olde Crafts Dr and Cartwright Pl,32248.0
206768,Oxon Hill Park & Ride,32407.0
5161978,Park Pl & Rock Creek Church Rd NW,31137.0
118,Park Rd & Holmead Pl NW,31602.0
104257,Park Run & Onyx Dr,32229.0
165,Pennsylvania & Minnesota Ave SE,31805.0
26514,Pennsylvania Ave & Park Ave,32603.0
3253887,Penrose Sq/Columbia Pike & S Barton St,31971.0
720,Pentagon City Metro / 12th St & S Hayes St,31005.0
6119876,Pentagon Row Plaza / Army Navy Dr & Joyce St,31006.0
16659,Perry & 35th St,32404.0
3568,Pershing Dr & N George Mason Dr,31069.0
3027,Pershing Dr & Wayne St,31065.0
7533,Philadelphia & Maple Ave,32010.0
3214,Piccard & W Gude Dr,32033.0
8057247,Pimmit Dr & Idyl Ln,32264.0
8061231,Pimmit Dr & Los Pueblos Ln,32265.0
7399,Pleasant St & MLK Ave SE,31807.0
13770,Pooks Hill Rd & Linden Ave,32057.0
377,Potomac & M St NW,31295.0
56,Potomac & Pennsylvania Ave SE,31606.0
127,Potomac Ave & 35th St S,31052.0
511,Potomac Ave & 8th St SE,31635.0
665,Potomac Ave & Half St SW,31648.0
387,Potomac Ave & Main Line Blvd,31910.0
913,Potomac Ave & Swann Ave,31916.0
7207,Potomac Greens Dr & Slaters Ln,31083.0
1968,Powhatan St & Bashford Ln,31915.0
7902,Prince George's Plaza Metro,32420.0
1286,Prince St & Union St,31041.0
33713,Queens Chapel & Hamilton St,32410.0
21342,Radford St & Osage St,31908.0
3156,Randle Circle & Minnesota Ave SE,31702.0
3717634,Reed & Edison,31956.0
2585823,Reed and Edison,31956.0
1005,Reservoir Rd & 38th St NW,31325.0
1225532,Reston Pkwy & Bennington Woods Rd,32241.0
33114,Reston Pkwy & Spectrum Dr,32225.0
29858,Reston Regional Library,32211.0
5753284,Reston Town Center Metro North,32243.0
5752968,Reston Town Center Metro South,32258.0
595,Reston Town Center Transit Station,32214.0
15295,Reston YMCA,32219.0
3363,Rhode Island & Connecticut Ave NW,31239.0
946,Rhode Island & Montana Ave NE,31526.0
2916,Rhode Island Ave & 39th St / Brentwood Arts Exchange,32413.0
1680,Rhode Island Ave & V St NE,31513.0
40,Rhode Island Ave Metro,31516.0
2332,Rhodes St & 16th St N,31018.0
1190411,Ridge Heights Rd & Seahawks Dr,32238.0
1405254,Ridge Heights and Owl Cove Ln,32252.0
6315050,Ridge Rd & Southern Ave SE,31723.0
83964,Ridge Rd Community Center,31718.0
4202,Riggs Rd & East West Hwy,32414.0
1229449,Ring Rd & North Shore Dr,32240.0
460,River Rd & Landy Ln,32046.0
1917,Riverdale Park Town Center,32421.0
7988,Rockville Metro East,32044.0
16411,Rockville Metro West,32047.0
24504,Rockville Pike & Meeting St,32083.0
3757,Rockville Pike & Old Georgetown Rd,32077.0
3269,Rolfe St & 9th St S,31075.0
911971,Roosevelt Center & Crescent Rd,32424.0
677,Roosevelt Island,31062.0
3558,Rosedale Rec Center,31658.0
0,Rosslyn Metro / Wilson Blvd & Ft Myer Dr,31015.0
615577,Rosslyn Metro / Wilson Blvd & N Moore St,31947.0
8069914,Route 29 & Bisvey Dr,32267.0
2516,Royal St & Wilkes St,31903.0
3226,S Arlington Mill Dr & Campbell Ave,31060.0
230717,S Clark St & 33rd St,31944.0
6135691,S Four Mile Run Dr & Shirlington Rd,31057.0
6118616,S Four Mile Run Dr & Walter Reed Dr,31059.0
3369,S George Mason & Four Mile Run Dr,31063.0
6122921,S George Mason Dr & S Four Mile Run Dr,31063.0
504,S Glebe Rd & Potomac Ave,31010.0
2538554,S Jordan St & Venable St,31954.0
6118087,S Kenmore St & 24th St S,31061.0
3554,S Maple Ave & S Washington St,32607.0
2427111,S Pickett St & Shillings St,31953.0
1550002,S Randolph St & Campbell Ave,31076.0
2853134,S Reynolds St & Edsall Rd,31967.0
6118777,S Troy St & 26th St S,31056.0
3674862,S Wakefield St & 28th Rd S,31972.0
6133666,S Wakefield St & 28th St S,31972.0
2618714,S Washington St & Wilkes St,31958.0
1139,Saint Asaph St & Madison St,31097.0
35894,Shady Grove Hospital,32042.0
8752,Shady Grove Metro East,32067.0
692,Shady Grove Metro West,32045.0
832,Shirlington Transit Center / Quincy St & Randolph St,31076.0
3880,Silver Spring Metro / Colesville Rd & Wayne Ave,32012.0
10388,Silver Spring Transit Center - Top Level,32034.0
14714,Sligo Ave & Carroll Ln,32058.0
1582,Smithsonian-National Mall / Jefferson Dr & 12th St SW,31248.0
1423308,Soapstone Dr Convenience Center,32253.0
20218,South Capitol & Atlantic St SW,31811.0
6428152,South Capitol St and Southern Ave SE,31830.0
6168302,South Dakota Ave & 33rd St NE,31539.0
6153911,South Dakota Ave & Bladensburg Rd NE,31538.0
1318938,South Gate Community Center,32250.0
1306587,South Lakes Dr and Reston Pkwy,32247.0
15322,Southern Ave Metro,32409.0
31707,Spring Hill Metro,32200.0
3839,Spring St & 2nd Ave,32050.0
3548,St Asaph & Pendleton St,31043.0
2815,St. Asaph & Montgomery St,31931.0
1491484,St. Elizabeths West Campus/DHS ,31827.0
5870,Stadium Armory Metro,31665.0
35923,Stanton Square SE,31822.0
22007,State Theatre / Park Pl & N Washington St,32601.0
65208,Stewart & April,32090.0
158210,Stewart Ln & Old Columbia Pike,32091.0
2903,Sunset Hills & Old Reston Ave,32213.0
8638,Sunset Hills Rd & Discovery Square,32217.0
1797,Sunset Hills Rd & Isaac Newton Square,32220.0
1682,TJ Cmty Ctr / 2nd St & S Old Glebe Rd,31074.0
483,Takoma Metro,31408.0
2076,Takoma Park Rec Center,32059.0
370,Tanger Outlets,32415.0
4796121,Tanner Park,31533.0
4337,Temporary Rd & Old Reston Ave,32218.0
403,Tenleytown / Wisconsin Ave & Albemarle St NW,31303.0
6038,The Mall at Prince Georges,32422.0
16705,The Shoppes @ Burnt Mills,32085.0
44,Thomas Circle,31241.0
357003,Thomas Jefferson St NW & Water/K St NW,31293.0
29637,Towers Crescent Dr & Tysons One Pl,32222.0
9883,Town Center Pkwy & Bowman Towne Dr,32210.0
12021,Town Center Pkwy & Sunset Hills Rd,32224.0
8809,Traville Gateway Dr & Gudelsky Dr,32005.0
6295,Trinidad Rec Center,31525.0
1912,Troy St & 26th St S,31056.0
366,Twinbrook Metro,32074.0
45233,Tysons Corner Station,32204.0
6689879,Tysons Metro North,32204.0
6702921,Tysons Metro South,32203.0
426,Tysons One Pl & Chain Bridge Rd,32203.0
89342,Tysons West Transit Center,32208.0
424,US Dept of State / Virginia Ave & 21st St NW,31220.0
38,USDA / 12th & C St SW,31217.0
416,Union Market,31517.0
7132,United Medical Center,31823.0
389,Utah St & 11th St N,31049.0
3023432,V1 Warehouse Test Station,32906.0
6929774,Vaden Dr & Royal Victoria Dr/Providence Community Center,32261.0
291,Valley Ave & Wheeler Rd SE,31824.0
2884512,Van Dorn Metro,31932.0
675,Van Ness Metro / UDC,31300.0
1322517,Vantage Hill Rd & Wainwright Dr,32244.0
538,Vermont Ave & I St NW,31291.0
1881,Veterans Pl & Pershing Dr ,32043.0
6911913,Vienna Metro South,32260.0
219,Virginia Ave & 25th St NW,31297.0
5358047,Virginia Ave & C St NW,31261.0
5439168,Virginia Hospital Center,31976.0
516,Virginia Square Metro / Monroe St & 9th St N,31024.0
2861287,Virginia Theological Seminary,31964.0
55600,Vy Reston Heights,32236.0
7331,W Broad St & Little Falls St,32605.0
5014,W Columbia St & N Washington St,32609.0
6699050,W&OD Trail & Explorer St/Reston Bus Station,32214.0
1987591,W&OD Trail & Langston Blvd,31948.0
1969377,W&OD Trail bridge & N Washington St,31948.0
6685707,W&OD Trail/Sunset Hills Rd & Isaac Newton Sq,32220.0
6683813,W&OD Trail/Sunset Hills Rd & Old Reston Ave,32213.0
3250,WAU / Flower Ave & Division St,32049.0
32920,Wakefield High School,31054.0
2020,Walter Reed Dr & 8th St S,31096.0
9637,Ward Circle / American University,31301.0
260,Washington & Independence Ave SW/HHS,31272.0
1039,Washington Blvd & 10th St N,31026.0
1448,Washington Blvd & 7th St N,31032.0
6088,Washington Blvd & N Frederick St,31901.0
9491,Washington Blvd & Walter Reed Dr ,31073.0
1302,Washington-Liberty High School / N Stafford St & Generals Way,31920.0
4715575,Waterfront Park,31673.0
7903,West Falls Church Metro,32232.0
135,West Hyattsville Metro,32418.0
8162602,Westbranch Dr & Jones Branch Dr,32270.0
23808,Westover Library / Washington Blvd & N McKinley Rd,31921.0
4410,Westpark & Jones Branch Dr,32205.0
49906,Westpark & Park Run Dr,32207.0
87945,Westpark Dr & Leesburg Pike,32201.0
55863,Wheaton Library & Community Rec Center,32084.0
1041,Wheaton Metro / Georgia Ave & Reedie Dr,32062.0
1645,Wheeler Ave & S. Floyd St.,31927.0
18902,White Flint Metro,32075.0
1751862,White House,31329.0
87828,White Oak Rec Center,32087.0
88728,White Oak Transit Center,32093.0
7301313,Whitehaven Pkwy & Foxhall Rd NW / GWU Mt. Vernon,31390.0
193658,Whiting & Lane Dr,31942.0
32100,Wiehle Ave & Reston Station Blvd,32215.0
5461389,Wiehle-Reston Metro South,32215.0
1504388,Wilson Blvd & Ft Myer Dr,31015.0
3106,Wilson Blvd & N Edgewood St,31019.0
2517,Wilson Blvd & N Franklin Rd,31020.0
433,Wilson Blvd & N Illinois St ,31902.0
1191,Wilson Blvd & N Oak St,31939.0
2512,Wilson Blvd & N Quincy St,31039.0
89253,Wilson Blvd & N Quinn St,31027.0
503,Wilson Blvd & N Troy St,31924.0
1288,Wilson Blvd & N Uhle St,31017.0
6121655,Wilson Blvd & N Vermont St,31926.0
3,Wilson Blvd. & N. Vermont St.,31926.0
34523,Windham Ln & Amherst Ave,32066.0
1838,Wisconsin Ave & Brandywine St NW,31319.0
1201,Wisconsin Ave & Ingomar St NW,31317.0
223,Wisconsin Ave & Newark St NW,31302.0
338,Wisconsin Ave & O St NW,31312.0
4808612,Wisconsin Ave & Rodman St NW,31333.0
218,Woodglen Dr & Executive Blvd,32078.0
735,Woodley Park Metro / Calvert St & Connecticut Ave NW,31323.0
2936,Woodmont Ave & Strathmore St,32055.0
6314949,Woody Ward Rec Center,31722.0
16691,Yuma St & Tenley Circle NW,31316.0
